mtsp_1_20_1
n; 12
m; 2
N; 50
iter; 20
run; 1
N_PS; 22

Begin; ; ; ;End;
Metric 'Convergence approximation to Pareto set';Metric 'Convergence Pareto set to approximation';Points in approx to Pareto set;Points from Pareto set;Metric 'Convergence approximation to Pareto set';Metric 'Convergence Pareto set to approximation';Points in approx to Pareto set;Points from Pareto set;Run
0.1667;1.6496;12;11;0.3062;0.9415;16;12;1;
0.1667;1.6496;12;11;0.3062;0.9415;16;12;Average
0.1667;1.6496;12;11;0.3062;0.9415;16;12;Max
0.1667;1.6496;12.00;11.00;0.3062;0.9415;16.00;12.00;Min

Total time (one problem): ; 0; h; 0; min; 2.812; sec
Average time of algorithm: ; 0; h; 0; min; 2.063; sec
Average time of LS (begin): ; 0; h; 0; min; 0.749; sec


mtsp_1_20_2
n; 12
m; 2
N; 50
iter; 20
run; 1
N_PS; 26

Begin; ; ; ;End;
Metric 'Convergence approximation to Pareto set';Metric 'Convergence Pareto set to approximation';Points in approx to Pareto set;Points from Pareto set;Metric 'Convergence approximation to Pareto set';Metric 'Convergence Pareto set to approximation';Points in approx to Pareto set;Points from Pareto set;Run
0.6972;2.3537;12;6;0.6972;2.3537;12;6;1;
0.6972;2.3537;12;6;0.6972;2.3537;12;6;Average
0.6972;2.3537;12;6;0.6972;2.3537;12;6;Max
0.6972;2.3537;12.00;6.00;0.6972;2.3537;12.00;6.00;Min

Total time (one problem): ; 0; h; 0; min; 1.453; sec
Average time of algorithm: ; 0; h; 0; min; 1.047; sec
Average time of LS (begin): ; 0; h; 0; min; 0.406; sec


mtsp_1_20_3
n; 12
m; 2
N; 50
iter; 20
run; 1
N_PS; 24

Begin; ; ; ;End;
Metric 'Convergence approximation to Pareto set';Metric 'Convergence Pareto set to approximation';Points in approx to Pareto set;Points from Pareto set;Metric 'Convergence approximation to Pareto set';Metric 'Convergence Pareto set to approximation';Points in approx to Pareto set;Points from Pareto set;Run
1.0833;1.8597;11;7;1.0274;1.8597;12;7;1;
1.0833;1.8597;11;7;1.0274;1.8597;12;7;Average
1.0833;1.8597;11;7;1.0274;1.8597;12;7;Max
1.0833;1.8597;11.00;7.00;1.0274;1.8597;12.00;7.00;Min

Total time (one problem): ; 0; h; 0; min; 1.422; sec
Average time of algorithm: ; 0; h; 0; min; 1.063; sec
Average time of LS (begin): ; 0; h; 0; min; 0.359; sec


mtsp_1_20_4
n; 12
m; 2
N; 50
iter; 20
run; 1
N_PS; 27

Begin; ; ; ;End;
Metric 'Convergence approximation to Pareto set';Metric 'Convergence Pareto set to approximation';Points in approx to Pareto set;Points from Pareto set;Metric 'Convergence approximation to Pareto set';Metric 'Convergence Pareto set to approximation';Points in approx to Pareto set;Points from Pareto set;Run
1.0263;1.2958;13;5;0.9112;1.1887;18;7;1;
1.0263;1.2958;13;5;0.9112;1.1887;18;7;Average
1.0263;1.2958;13;5;0.9112;1.1887;18;7;Max
1.0263;1.2958;13.00;5.00;0.9112;1.1887;18.00;7.00;Min

Total time (one problem): ; 0; h; 0; min; 2.140; sec
Average time of algorithm: ; 0; h; 0; min; 1.813; sec
Average time of LS (begin): ; 0; h; 0; min; 0.327; sec


mtsp_1_20_5
n; 12
m; 2
N; 50
iter; 20
run; 1
N_PS; 23

Begin; ; ; ;End;
Metric 'Convergence approximation to Pareto set';Metric 'Convergence Pareto set to approximation';Points in approx to Pareto set;Points from Pareto set;Metric 'Convergence approximation to Pareto set';Metric 'Convergence Pareto set to approximation';Points in approx to Pareto set;Points from Pareto set;Run
1.1535;1.9690;11;7;1.1128;1.3159;16;9;1;
1.1535;1.9690;11;7;1.1128;1.3159;16;9;Average
1.1535;1.9690;11;7;1.1128;1.3159;16;9;Max
1.1535;1.9690;11.00;7.00;1.1128;1.3159;16.00;9.00;Min

Total time (one problem): ; 0; h; 0; min; 1.937; sec
Average time of algorithm: ; 0; h; 0; min; 1.578; sec
Average time of LS (begin): ; 0; h; 0; min; 0.359; sec


Total time of all problems: ; 0; h; 0; min; 9.764; sec
